id;label
1;user1
2;user2
3;user3
4;user4
5;user5
6;user6
7;user7
8;user8
9;user9
10;user10
11;user11
12;user12
13;user13
14;user14
15;user15
16;user16
17;user17
18;user18
19;user19
20;user20
21;user21
22;user22
23;user23
24;user24
25;user25
26;user26
27;user27
28;user28
29;user29
30;user30
31;user31
32;user32
33;user33
34;user34
35;user35
36;user36
37;user37
38;user38
39;user39
40;user40
41;user41
42;user42
43;user43
44;user44
45;user45
46;user46
47;user47
48;user48
49;user49
50;user50
51;user51
52;user52
53;user53
54;user54
55;user55
56;user56
57;user57
58;user58
59;user59
60;user60
61;user61
62;user62
63;user63
64;user64
65;user65
66;user66
67;user67
68;user68
69;user69
70;user70
71;user71
72;user72
73;user73
74;user74
75;user75
76;user76
77;user77
78;user78
79;user79
80;user80
81;user81
82;user82
83;user83
84;user84
85;user85
86;user86
87;user87
88;user88
89;user89
90;user90
91;user91
92;user92
93;user93
94;user94
95;user95
96;user96
97;user97
98;user98
99;user99
100;user100
101;user101
102;user102
103;user103
104;user104
105;user105
106;user106
107;user107
108;user108
109;user109
110;user110
111;user111
112;user112
113;user113
114;user114
115;user115
116;user116
117;user117
118;user118
119;user119
120;user120
121;user121
122;user122
123;user123
124;user124
125;user125
126;user126
127;user127
128;user128
129;user129
130;user130
131;user131
132;user132
133;user133
134;user134
135;user135
136;user136
137;user137
138;user138
139;user139
140;user140
141;user141
142;user142
143;user143
144;user144
145;user145
146;user146
147;user147
148;user148
149;user149
150;user150
151;user151
152;user152
153;user153
154;user154
155;user155
156;user156
157;user157
158;user158
159;user159
160;user160
161;user161
162;user162
163;user163
164;user164
165;user165
166;user166
167;user167
168;user168
169;user169
170;user170
171;user171
172;user172
173;user173
174;user174
175;user175
176;user176
177;user177
178;user178
179;user179
180;user180
181;user181
182;user182
183;user183
184;user184
185;user185
186;user186
187;user187
188;user188
189;user189
190;user190
191;user191
192;user192
193;user193
194;user194
195;user195
196;user196
197;user197
198;user198
199;user199
200;user200
